{
    "aperture": {
        "height": 4.224,
        "width": 5.632
    },
    "fieldOfView": {
        "horizontal": 39.0,
        "vertical": 29.6
    },
    "distortion": {
        "k1": -1.2093325853347778,
        "k2": -1.041786551475525,
        "k3": 64.01393127441406,
        "k4": -0.5568028688430786,
        "k5": -3.6638600826263428,
        "k6": 78.03067016601562,
        "p1": -0.004819112829864025,
        "p2": -0.0027203019708395004
    },
    "intrinsicParameters": {
        "cx": 1280.0,
        "cy": 960.0,
        "fx": 3751.937744140625,
        "fy": 3821.9775390625
    },
    "resolution": {
        "height": 1920.0,
        "width": 2560.0
    }
}